Regiao,Mes,Consumo_MWh
Norte,JAN,1193981.647
Nordeste,JAN,3374101.79
Sudeste,JAN,7814175.188
Sul,JAN,3083083.306
Centro-Oeste,JAN,1524369.851
Norte,JAN,1372158.401
Nordeste,JAN,2913218.014
Sul,JAN,3083083.306
Norte,JAN,1114404.424
Nordeste,JAN,3236557.183
Sudeste,JAN,7234937.388
Sul,JAN,2713891.613
Centro-Oeste,JAN,1395353.708
Norte,JAN,1207910.497
Nordeste,JAN,2804104.169
Sul,JAN,2713891.613
Norte,JAN,1122698.505
Nordeste,JAN,3168933.338
Sudeste,JAN,7065125.173
Sul,JAN,2703759.827
Centro-Oeste,JAN,1381912.633
Norte,JAN,1193657.239
Nordeste,JAN,2754555.268
Sul,JAN,2703759.827
Norte,JAN,908625.49
Nordeste,JAN,2805490.418
Sudeste,JAN,6105433.174
Sul,JAN,2347904.734
Centro-Oeste,JAN,1152181.114
Norte,JAN,961187.234
Nordeste,JAN,2462009.608
Sul,JAN,2347904.734
Norte,JAN,878646.425
Nordeste,JAN,2687342.07
Sudeste,JAN,5943408.605
Sul,JAN,2347817.757
Centro-Oeste,JAN,1157091.044
Norte,JAN,901454.297
Nordeste,JAN,2379850.549
Sul,JAN,2347817.757
Norte,JAN,829319.925
Nordeste,JAN,2763245.44
Sudeste,JAN,6556377.059
Sul,JAN,2273434.202
Centro-Oeste,JAN,1183630.198
Norte,JAN,873974.456
Nordeste,JAN,2459723.949
Sul,JAN,2273434.202
Norte,JAN,799554.001
Nordeste,JAN,2590818.609
Sudeste,JAN,6135257.353
Sul,JAN,2244223.403
Centro-Oeste,JAN,1114472.03
Norte,JAN,827453.713
Nordeste,JAN,2309045.107
Sul,JAN,2244223.403
Norte,JAN,726873.85
Nordeste,JAN,2433230.024
Sudeste,JAN,6389713.69
Sul,JAN,2302787.404
Centro-Oeste,JAN,1085468.125
Norte,JAN,744998.362
Nordeste,JAN,2167468.998
Sul,JAN,2302787.404
Norte,JAN,749421.449
Nordeste,JAN,2361905.246
Sudeste,JAN,5863374.858
Sul,JAN,1991357.741
Centro-Oeste,JAN,991187.159
Norte,JAN,774402.444
Nordeste,JAN,2096845.289
Sul,JAN,1991357.741
Norte,JAN,746531.0
Nordeste,JAN,2274880.0
Sudeste,JAN,5934320.0
Sul,JAN,2006171.0
Centro-Oeste,JAN,943733.0
Norte,JAN,763653.0
Nordeste,JAN,2025531.0
Sul,JAN,2006171.0
Norte,JAN,759843.0
Nordeste,JAN,2295490.0
Sudeste,JAN,5864497.0
Sul,JAN,1951618.0
Centro-Oeste,JAN,958648.0
Norte,JAN,762663.0
Nordeste,JAN,2051983.0
Sul,JAN,1951618.0
Norte,JAN,726570.359
Nordeste,JAN,2302666.0
Sudeste,JAN,6476567.0
Sul,JAN,2062995.711
Centro-Oeste,JAN,989503.0
Norte,JAN,685195.0
Nordeste,JAN,2059745.0
Sul,JAN,2062995.711
Norte,JAN,651827.0
Nordeste,JAN,2222412.0
Sudeste,JAN,5991046.0
Sul,JAN,2012159.0
Centro-Oeste,JAN,920875.0
Norte,JAN,611381.0
Nordeste,JAN,1989362.0
Sul,JAN,2012159.0
Norte,JAN,577517.0
Nordeste,JAN,2002181.0
Sudeste,JAN,5757901.0
Sul,JAN,1758505.0
Centro-Oeste,JAN,828781.0
Norte,JAN,450328.0
Nordeste,JAN,1798661.0
Sul,JAN,1758505.0
Norte,JAN,524135.0
Nordeste,JAN,1827785.0
Sudeste,JAN,5138107.0
Sul,JAN,1584090.553
Centro-Oeste,JAN,726118.0
Norte,JAN,411553.0
Nordeste,JAN,1646590.0
Sul,JAN,1584090.553
Norte,JAN,496172.0
Nordeste,JAN,1751761.0
Sudeste,JAN,5255305.0
Sul,JAN,1602622.0
Centro-Oeste,JAN,704339.0
Norte,JAN,382742.0
Nordeste,JAN,1587264.0
Sul,JAN,1602622.0
Norte,JAN,460383.0
Nordeste,JAN,1577345.0
Sudeste,JAN,4934723.0
Sul,JAN,1576494.0
Centro-Oeste,JAN,686131.0
Norte,JAN,357680.0
Nordeste,JAN,1424618.0
Sul,JAN,1576494.0
Norte,JAN,437714.0
Nordeste,JAN,1447974.0
Sudeste,JAN,4648272.0
Sul,JAN,1419724.0
Centro-Oeste,JAN,650865.0
Norte,JAN,342898.0
Nordeste,JAN,1307720.0
Sul,JAN,1419724.0
Norte,JAN,396323.0
Nordeste,JAN,1360681.673
Sudeste,JAN,4412691.0
Sul,JAN,1380788.0
Centro-Oeste,JAN,583757.0
Norte,JAN,304451.673
Nordeste,JAN,1240602.0
Sul,JAN,1380788.0
Norte,JAN,377018.0
Nordeste,JAN,1259580.0
Sudeste,JAN,4183534.0
Sul,JAN,1327669.0
Centro-Oeste,JAN,562552.0
Norte,JAN,284266.0
Nordeste,JAN,1148708.0
Sul,JAN,1327669.0
Norte,JAN,352085.87
Nordeste,JAN,1175576.201
Sudeste,JAN,3895001.629
Sul,JAN,1217744.498
Centro-Oeste,JAN,527223.754
Norte,JAN,263872.3
Nordeste,JAN,1076942.523
Sul,JAN,1217744.498
Norte,JAN,355959.658
Nordeste,JAN,1166974.19
Sudeste,JAN,3873894.269
Sul,JAN,1194715.764
Centro-Oeste,JAN,526993.902
Norte,JAN,259400.507
Nordeste,JAN,1072097.273
Sul,JAN,1194715.764
Norte,JAN,348584.812
Nordeste,JAN,1098663.525
Sudeste,JAN,3694385.548
Sul,JAN,1132506.0
Centro-Oeste,JAN,506540.488
Norte,JAN,245912.452
Nordeste,JAN,1009931.291
Sul,JAN,1132506.0
Norte,FEV,1120143.282
Nordeste,FEV,3131994.907
Sudeste,FEV,7100084.579
Sul,FEV,3023798.727
Centro-Oeste,FEV,1420468.296
Norte,FEV,1283899.889
Nordeste,FEV,2699592.717
Sul,FEV,3023798.727
Norte,FEV,1061658.628
Nordeste,FEV,3137654.101
Sudeste,FEV,7286091.013
Sul,FEV,3131191.148
Centro-Oeste,FEV,1420870.875
Norte,FEV,1135096.777
Nordeste,FEV,2734740.616
Sul,FEV,3131191.148
Norte,FEV,1087907.993
Nordeste,FEV,3098895.717
Sudeste,FEV,6880072.09
Sul,FEV,2770448.903
Centro-Oeste,FEV,1363530.619
Norte,FEV,1160590.269
Nordeste,FEV,2699999.656
Sul,FEV,2770448.903
Norte,FEV,864397.397
Nordeste,FEV,2778417.468
Sudeste,FEV,6342659.9
Sul,FEV,2605102.276
Centro-Oeste,FEV,1149604.704
Norte,FEV,932218.244
Nordeste,FEV,2437444.388
Sul,FEV,2605102.276
Norte,FEV,829750.693
Nordeste,FEV,2575409.791
Sudeste,FEV,6005427.753
Sul,FEV,2348275.839
Centro-Oeste,FEV,1129227.587
Norte,FEV,847504.176
Nordeste,FEV,2291729.025
Sul,FEV,2348275.839
Norte,FEV,798265.846
Nordeste,FEV,2623493.519
Sudeste,FEV,6192029.717
Sul,FEV,2119584.542
Centro-Oeste,FEV,1099085.658
Norte,FEV,836811.215
Nordeste,FEV,2333855.039
Sul,FEV,2119584.542
Norte,FEV,795848.743
Nordeste,FEV,2456879.804
Sudeste,FEV,5864787.502
Sul,FEV,2141096.858
Centro-Oeste,FEV,1099186.659
Norte,FEV,804479.652
Nordeste,FEV,2189314.765
Sul,FEV,2141096.858
Norte,FEV,713768.626
Nordeste,FEV,2421842.081
Sudeste,FEV,6188834.362
Sul,FEV,2226478.963
Centro-Oeste,FEV,1075743.619
Norte,FEV,737491.08
Nordeste,FEV,2164893.533
Sul,FEV,2226478.963
Norte,FEV,721929.325
Nordeste,FEV,2298488.585
Sudeste,FEV,5718346.661
Sul,FEV,1946358.486
Centro-Oeste,FEV,973765.159
Norte,FEV,733362.345
Nordeste,FEV,2050647.408
Sul,FEV,1946358.486
Norte,FEV,678124.0
Nordeste,FEV,2215583.0
Sudeste,FEV,5629521.0
Sul,FEV,1948153.0
Centro-Oeste,FEV,898287.0
Norte,FEV,701762.0
Nordeste,FEV,1974120.0
Sul,FEV,1948153.0
Norte,FEV,740736.0
Nordeste,FEV,2191346.0
Sudeste,FEV,5615379.0
Sul,FEV,1888454.0
Centro-Oeste,FEV,916030.0
Norte,FEV,762725.0
Nordeste,FEV,1931000.0
Sul,FEV,1888454.0
Norte,FEV,677514.0
Nordeste,FEV,2240786.0
Sudeste,FEV,5957795.0
Sul,FEV,1967877.0
Centro-Oeste,FEV,936289.0
Norte,FEV,655364.0
Nordeste,FEV,2005749.0
Sul,FEV,1967877.0
Norte,FEV,640104.0
Nordeste,FEV,2115977.0
Sudeste,FEV,6082595.0
Sul,FEV,2166045.0
Centro-Oeste,FEV,874137.0
Norte,FEV,608989.0
Nordeste,FEV,1899938.0
Sul,FEV,2166045.0
Norte,FEV,560166.0
Nordeste,FEV,1980331.0
Sudeste,FEV,5425917.0
Sul,FEV,1711710.0
Centro-Oeste,FEV,796405.0
Norte,FEV,437468.0
Nordeste,FEV,1778737.0
Sul,FEV,1711710.0
Norte,FEV,503434.0
Nordeste,FEV,1704591.0
Sudeste,FEV,5111298.0
Sul,FEV,1658097.77
Centro-Oeste,FEV,727504.0
Norte,FEV,375902.0
Nordeste,FEV,1536385.0
Sul,FEV,1658097.77
Norte,FEV,452353.0
Nordeste,FEV,1597702.0
Sudeste,FEV,5083728.0
Sul,FEV,1598947.0
Centro-Oeste,FEV,672452.0
Norte,FEV,347504.0
Nordeste,FEV,1444148.0
Sul,FEV,1598947.0
Norte,FEV,442546.0
Nordeste,FEV,1521047.0
Sudeste,FEV,4805332.0
Sul,FEV,1489158.0
Centro-Oeste,FEV,654256.0
Norte,FEV,347787.0
Nordeste,FEV,1373050.0
Sul,FEV,1489158.0
Norte,FEV,400108.0
Nordeste,FEV,1369074.0
Sudeste,FEV,4425160.0
Sul,FEV,1354039.0
Centro-Oeste,FEV,601070.0
Norte,FEV,308777.0
Nordeste,FEV,1243616.0
Sul,FEV,1354039.0
Norte,FEV,380864.0
Nordeste,FEV,1332020.008
Sudeste,FEV,4340742.0
Sul,FEV,1324724.0
Centro-Oeste,FEV,580367.0
Norte,FEV,287828.008
Nordeste,FEV,1220863.0
Sul,FEV,1324724.0
Norte,FEV,364503.0
Nordeste,FEV,1208193.0
Sudeste,FEV,4000465.0
Sul,FEV,1269714.0
Centro-Oeste,FEV,550066.0
Norte,FEV,268142.0
Nordeste,FEV,1106651.0
Sul,FEV,1269714.0
Norte,FEV,343002.238
Nordeste,FEV,1126753.408
Sudeste,FEV,3891194.912
Sul,FEV,1237780.735
Centro-Oeste,FEV,533084.245
Norte,FEV,251142.341
Nordeste,FEV,1035015.978
Sul,FEV,1237780.735
Norte,FEV,336135.238
Nordeste,FEV,1132479.346
Sudeste,FEV,3616966.935
Sul,FEV,1161664.338
Centro-Oeste,FEV,511087.243
Norte,FEV,241103.957
Nordeste,FEV,1044013.116
Sul,FEV,1161664.338
Norte,FEV,323402.67
Nordeste,FEV,1000320.293
Sudeste,FEV,3511541.224
Sul,FEV,1121970.467
Centro-Oeste,FEV,472102.526
Norte,FEV,230353.608
Nordeste,FEV,919073.816
Sul,FEV,1121970.467
Norte,MAR,1151877.884
Nordeste,MAR,3219513.017
Sudeste,MAR,7208955.386
Sul,MAR,2981193.919
Centro-Oeste,MAR,1508379.114
Norte,MAR,1293619.913
Nordeste,MAR,2790666.255
Sul,MAR,2981193.919
Norte,MAR,1062532.243
Nordeste,MAR,3086076.105
Sudeste,MAR,7753269.165
Sul,MAR,3126281.661
Centro-Oeste,MAR,1470073.045
Norte,MAR,1123925.439
Nordeste,MAR,2700735.386
Sul,MAR,3126281.661
Norte,MAR,1084094.0
Nordeste,MAR,3092551.813
Sudeste,MAR,7253730.238
Sul,MAR,2750929.347
Centro-Oeste,MAR,1422775.621
Norte,MAR,1132041.8
Nordeste,MAR,2713277.096
Sul,MAR,2750929.347
Norte,MAR,948603.166
Nordeste,MAR,2861483.673
Sudeste,MAR,6862732.847
Sul,MAR,2503872.882
Centro-Oeste,MAR,1223053.956
Norte,MAR,985691.286
Nordeste,MAR,2519330.989
Sul,MAR,2503872.882
Norte,MAR,886754.065
Nordeste,MAR,2805342.125
Sudeste,MAR,6599637.607
Sul,MAR,2392261.914
Centro-Oeste,MAR,1194911.406
Norte,MAR,928986.286
Nordeste,MAR,2479529.541
Sul,MAR,2392261.914
Norte,MAR,811549.054
Nordeste,MAR,2731575.79
Sudeste,MAR,6318444.877
Sul,MAR,2205119.21
Centro-Oeste,MAR,1150854.292
Norte,MAR,837460.089
Nordeste,MAR,2444179.223
Sul,MAR,2205119.21
Norte,MAR,809202.787
Nordeste,MAR,2599627.647
Sudeste,MAR,5859619.235
Sul,MAR,2044196.918
Centro-Oeste,MAR,1084224.496
Norte,MAR,813035.744
Nordeste,MAR,2329096.399
Sul,MAR,2044196.918
Norte,MAR,731745.096
Nordeste,MAR,2541247.43
Sudeste,MAR,6072326.693
Sul,MAR,1999924.072
Centro-Oeste,MAR,1038806.458
Norte,MAR,750466.959
Nordeste,MAR,2282211.238
Sul,MAR,1999924.072
Norte,MAR,749308.827
Nordeste,MAR,2335814.636
Sudeste,MAR,5957652.224
Sul,MAR,1917646.504
Centro-Oeste,MAR,989901.674
Norte,MAR,762752.306
Nordeste,MAR,2083719.744
Sul,MAR,1917646.504
Norte,MAR,725088.0
Nordeste,MAR,2335888.0
Sudeste,MAR,6041993.0
Sul,MAR,2085597.0
Centro-Oeste,MAR,960387.0
Norte,MAR,727317.0
Nordeste,MAR,2101578.0
Sul,MAR,2085597.0
Norte,MAR,751194.0
Nordeste,MAR,2315129.0
Sudeste,MAR,5532807.0
Sul,MAR,1782753.0
Centro-Oeste,MAR,934360.0
Norte,MAR,745483.0
Nordeste,MAR,2070916.0
Sul,MAR,1782753.0
Norte,MAR,680311.0
Nordeste,MAR,2213527.0
Sudeste,MAR,5573471.0
Sul,MAR,1802427.0
Centro-Oeste,MAR,828374.0
Norte,MAR,639911.0
Nordeste,MAR,1986393.0
Sul,MAR,1802427.0
Norte,MAR,665706.0
Nordeste,MAR,2152217.0
Sudeste,MAR,5783428.0
Sul,MAR,1810905.0
Centro-Oeste,MAR,876245.0
Norte,MAR,624584.0
Nordeste,MAR,1937712.0
Sul,MAR,1810905.0
Norte,MAR,543558.0
Nordeste,MAR,2000446.0
Sudeste,MAR,5373723.0
Sul,MAR,1631377.0
Centro-Oeste,MAR,807892.0
Norte,MAR,434423.0
Nordeste,MAR,1797158.0
Sul,MAR,1631377.0
Norte,MAR,503494.0
Nordeste,MAR,1838823.0
Sudeste,MAR,5470926.0
Sul,MAR,1706808.424
Centro-Oeste,MAR,750552.0
Norte,MAR,405231.0
Nordeste,MAR,1658298.0
Sul,MAR,1706808.424
Norte,MAR,477637.0
Nordeste,MAR,1713392.0
Sudeste,MAR,5128653.0
Sul,MAR,1490633.0
Centro-Oeste,MAR,697532.0
Norte,MAR,365450.0
Nordeste,MAR,1563032.0
Sul,MAR,1490633.0
Norte,MAR,466995.0
Nordeste,MAR,1671008.0
Sudeste,MAR,4841148.0
Sul,MAR,1488181.0
Centro-Oeste,MAR,685415.0
Norte,MAR,366407.0
Nordeste,MAR,1521612.0
Sul,MAR,1488181.0
Norte,MAR,393057.0
Nordeste,MAR,1413760.0
Sudeste,MAR,4666872.0
Sul,MAR,1397087.0
Centro-Oeste,MAR,618907.0
Norte,MAR,296195.0
Nordeste,MAR,1295891.0
Sul,MAR,1397087.0
Norte,MAR,374421.0
Nordeste,MAR,1306497.865
Sudeste,MAR,4179036.0
Sul,MAR,1276707.0
Centro-Oeste,MAR,556939.0
Norte,MAR,283577.865
Nordeste,MAR,1196335.0
Sul,MAR,1276707.0
Norte,MAR,352883.0
Nordeste,MAR,1194430.0
Sudeste,MAR,4219240.0
Sul,MAR,1275474.0
Centro-Oeste,MAR,552290.0
Norte,MAR,256125.0
Nordeste,MAR,1095996.0
Sul,MAR,1275474.0
Norte,MAR,344412.757
Nordeste,MAR,1204843.099
Sudeste,MAR,4121516.479
Sul,MAR,1206397.236
Centro-Oeste,MAR,531347.11
Norte,MAR,250567.418
Nordeste,MAR,1112221.398
Sul,MAR,1206397.236
Norte,MAR,341724.497
Nordeste,MAR,1137173.909
Sudeste,MAR,3711050.541
Sul,MAR,1155063.524
Centro-Oeste,MAR,520203.132
Norte,MAR,244313.171
Nordeste,MAR,1048940.501
Sul,MAR,1155063.524
Norte,MAR,320237.388
Nordeste,MAR,1049437.179
Sudeste,MAR,3629455.247
Sul,MAR,1108027.311
Centro-Oeste,MAR,493180.882
Norte,MAR,229864.282
Nordeste,MAR,964784.46
Sul,MAR,1108027.311
Norte,ABR,1221463.46
Nordeste,ABR,3293240.445
Sudeste,ABR,7185772.228
Sul,ABR,2920174.034
Centro-Oeste,ABR,1532122.331
Norte,ABR,1375223.453
Nordeste,ABR,2841694.27
Sul,ABR,2920174.034
Norte,ABR,1111390.199
Nordeste,ABR,3083025.041
Sudeste,ABR,6775129.843
Sul,ABR,2485774.26
Centro-Oeste,ABR,1403728.672
Norte,ABR,1190132.369
Nordeste,ABR,2675337.175
Sul,ABR,2485774.26
Norte,ABR,1117881.165
Nordeste,ABR,3153213.511
Sudeste,ABR,6715029.632
Sul,ABR,2572691.121
Centro-Oeste,ABR,1382254.797
Norte,ABR,1164428.091
Nordeste,ABR,2754197.873
Sul,ABR,2572691.121
Norte,ABR,936381.269
Nordeste,ABR,2795542.337
Sudeste,ABR,6436180.21
Sul,ABR,2354968.428
Centro-Oeste,ABR,1227059.335
Norte,ABR,982352.57
Nordeste,ABR,2457214.716
Sul,ABR,2354968.428
Norte,ABR,860991.585
Nordeste,ABR,2628481.836
Sudeste,ABR,6210317.424
Sul,ABR,1963268.074
Centro-Oeste,ABR,1163840.082
Norte,ABR,892421.622
Nordeste,ABR,2320973.589
Sul,ABR,1963268.074
Norte,ABR,863586.384
Nordeste,ABR,2778756.776
Sudeste,ABR,6351158.848
Sul,ABR,2122891.665
Centro-Oeste,ABR,1203490.5
Norte,ABR,883015.288
Nordeste,ABR,2482046.999
Sul,ABR,2122891.665
Norte,ABR,825129.726
Nordeste,ABR,2667830.998
Sudeste,ABR,5637275.075
Sul,ABR,1995891.877
Centro-Oeste,ABR,1151277.894
Norte,ABR,839794.459
Nordeste,ABR,2384008.143
Sul,ABR,1995891.877
Norte,ABR,751878.274
Nordeste,ABR,2381421.283
Sudeste,ABR,5610277.862
Sul,ABR,1806674.293
Centro-Oeste,ABR,1019206.528
Norte,ABR,758910.034
Nordeste,ABR,2121324.024
Sul,ABR,1806674.293
Norte,ABR,761092.638
Nordeste,ABR,2366882.757
Sudeste,ABR,5957746.464
Sul,ABR,1836582.889
Centro-Oeste,ABR,1010648.503
Norte,ABR,780418.387
Nordeste,ABR,2108675.721
Sul,ABR,1836582.889
Norte,ABR,725326.0
Nordeste,ABR,2281067.0
Sudeste,ABR,5431606.0
Sul,ABR,1729936.0
Centro-Oeste,ABR,967545.0
Norte,ABR,748618.0
Nordeste,ABR,2031910.0
Sul,ABR,1729936.0
Norte,ABR,747941.0
Nordeste,ABR,2307869.0
Sudeste,ABR,5907371.0
Sul,ABR,1817400.0
Centro-Oeste,ABR,1001892.0
Norte,ABR,751053.0
Nordeste,ABR,2060520.0
Sul,ABR,1817400.0
Norte,ABR,675513.0
Nordeste,ABR,2232375.0
Sudeste,ABR,5415655.0
Sul,ABR,1724335.0
Centro-Oeste,ABR,841785.0
Norte,ABR,625199.0
Nordeste,ABR,2009014.0
Sul,ABR,1724335.0
Norte,ABR,649978.0
Nordeste,ABR,2127397.0
Sudeste,ABR,5477028.0
Sul,ABR,1657560.0
Centro-Oeste,ABR,868377.0
Norte,ABR,605496.0
Nordeste,ABR,1914932.0
Sul,ABR,1657560.0
Norte,ABR,591995.0
Nordeste,ABR,2083364.0
Sudeste,ABR,5329736.0
Sul,ABR,1513471.0
Centro-Oeste,ABR,783019.0
Norte,ABR,444186.0
Nordeste,ABR,1889046.0
Sul,ABR,1513471.0
Norte,ABR,532486.0
Nordeste,ABR,1779375.0
Sudeste,ABR,5308429.0
Sul,ABR,1533564.465
Centro-Oeste,ABR,774281.0
Norte,ABR,404410.0
Nordeste,ABR,1602196.0
Sul,ABR,1533564.465
Norte,ABR,471596.0
Nordeste,ABR,1681904.0
Sudeste,ABR,4937010.0
Sul,ABR,1433329.0
Centro-Oeste,ABR,712847.0
Norte,ABR,373381.0
Nordeste,ABR,1519074.0
Sul,ABR,1433329.0
Norte,ABR,487028.0
Nordeste,ABR,1659728.0
Sudeste,ABR,4871630.0
Sul,ABR,1443291.0
Centro-Oeste,ABR,688573.0
Norte,ABR,382638.0
Nordeste,ABR,1499496.0
Sul,ABR,1443291.0
Norte,ABR,413043.0
Nordeste,ABR,1455395.0
Sudeste,ABR,4574496.0
Sul,ABR,1388854.0
Centro-Oeste,ABR,640315.0
Norte,ABR,310545.0
Nordeste,ABR,1333156.0
Sul,ABR,1388854.0
Norte,ABR,386480.0
Nordeste,ABR,1299819.104
Sudeste,ABR,4225451.0
Sul,ABR,1264139.0
Centro-Oeste,ABR,578792.0
Norte,ABR,288846.104
Nordeste,ABR,1188456.0
Sul,ABR,1264139.0
Norte,ABR,371967.0
Nordeste,ABR,1244458.0
Sudeste,ABR,4223592.0
Sul,ABR,1291818.0
Centro-Oeste,ABR,596991.0
Norte,ABR,285519.0
Nordeste,ABR,1132054.0
Sul,ABR,1291818.0
Norte,ABR,348151.66
Nordeste,ABR,1183946.041
Sudeste,ABR,3957603.684
Sul,ABR,1184330.586
Centro-Oeste,ABR,555793.847
Norte,ABR,263545.98
Nordeste,ABR,1083456.029
Sul,ABR,1184330.586
Norte,ABR,350369.231
Nordeste,ABR,1145853.564
Sudeste,ABR,3923735.009
Sul,ABR,1180033.941
Centro-Oeste,ABR,531746.524
Norte,ABR,254058.069
Nordeste,ABR,1054932.311
Sul,ABR,1180033.941
Norte,ABR,339774.807
Nordeste,ABR,1097250.572
Sudeste,ABR,3733862.979
Sul,ABR,1132047.08
Centro-Oeste,ABR,506070.923
Norte,ABR,250471.77
Nordeste,ABR,1009821.595
Sul,ABR,1132047.08
Norte,MAI,1202075.439
Nordeste,MAI,3096803.377
Sudeste,MAI,6902300.297
Sul,MAI,2520057.249
Centro-Oeste,MAI,1502097.255
Norte,MAI,1355910.956
Nordeste,MAI,2652825.43
Sul,MAI,2520057.249
Norte,MAI,1170469.226
Nordeste,MAI,3241221.627
Sudeste,MAI,6519109.115
Sul,MAI,2281972.0
Centro-Oeste,MAI,1400771.237
Norte,MAI,1250788.507
Nordeste,MAI,2810021.112
Sul,MAI,2281972.0
Norte,MAI,1136247.122
Nordeste,MAI,3106169.42
Sudeste,MAI,6869680.092
Sul,MAI,2346267.138
Centro-Oeste,MAI,1396686.023
Norte,MAI,1216021.826
Nordeste,MAI,2676431.888
Sul,MAI,2346267.138
Norte,MAI,999290.63
Nordeste,MAI,2923572.412
Sudeste,MAI,5928215.814
Sul,MAI,2049469.644
Centro-Oeste,MAI,1170398.721
Norte,MAI,1072040.71
Nordeste,MAI,2542905.105
Sul,MAI,2049469.644
Norte,MAI,899520.405
Nordeste,MAI,2676007.302
Sudeste,MAI,5657557.789
Sul,MAI,1873782.5
Centro-Oeste,MAI,1126353.326
Norte,MAI,950163.044
Nordeste,MAI,2334653.027
Sul,MAI,1873782.5
Norte,MAI,857417.78
Nordeste,MAI,2541572.68
Sudeste,MAI,5593900.257
Sul,MAI,1881303.872
Centro-Oeste,MAI,1067691.802
Norte,MAI,879781.724
Nordeste,MAI,2251444.583
Sul,MAI,1881303.872
Norte,MAI,821867.72
Nordeste,MAI,2587578.211
Sudeste,MAI,5383316.565
Sul,MAI,1850035.817
Centro-Oeste,MAI,1069858.794
Norte,MAI,846996.817
Nordeste,MAI,2304873.832
Sul,MAI,1850035.817
Norte,MAI,777286.871
Nordeste,MAI,2490241.544
Sudeste,MAI,5785412.423
Sul,MAI,1822174.461
Centro-Oeste,MAI,1051478.214
Norte,MAI,801075.296
Nordeste,MAI,2218003.619
Sul,MAI,1822174.461
Norte,MAI,784448.31
Nordeste,MAI,2280119.845
Sudeste,MAI,5536523.637
Sul,MAI,1826147.832
Centro-Oeste,MAI,973480.867
Norte,MAI,801142.079
Nordeste,MAI,2021117.366
Sul,MAI,1826147.832
Norte,MAI,791781.0
Nordeste,MAI,2321918.0
Sudeste,MAI,5290835.0
Sul,MAI,1599966.0
Centro-Oeste,MAI,934559.0
Norte,MAI,803566.0
Nordeste,MAI,2068685.0
Sul,MAI,1599966.0
Norte,MAI,754695.0
Nordeste,MAI,2255249.0
Sudeste,MAI,5330941.0
Sul,MAI,1706584.0
Centro-Oeste,MAI,884863.0
Norte,MAI,790706.0
Nordeste,MAI,1992071.0
Sul,MAI,1706584.0
Norte,MAI,679533.0
Nordeste,MAI,2218162.0
Sudeste,MAI,5176493.0
Sul,MAI,1588736.0
Centro-Oeste,MAI,878861.0
Norte,MAI,646313.0
Nordeste,MAI,1983699.0
Sul,MAI,1588736.0
Norte,MAI,705888.0
Nordeste,MAI,2164510.0
Sudeste,MAI,5455670.0
Sul,MAI,1663029.0
Centro-Oeste,MAI,888051.0
Norte,MAI,664196.0
Nordeste,MAI,1940873.0
Sul,MAI,1663029.0
Norte,MAI,595852.0
Nordeste,MAI,1995023.0
Sudeste,MAI,5269471.0
Sul,MAI,1565432.0
Centro-Oeste,MAI,816136.0
Norte,MAI,459002.0
Nordeste,MAI,1791595.0
Sul,MAI,1565432.0
Norte,MAI,552161.0
Nordeste,MAI,1811928.0
Sudeste,MAI,4954256.0
Sul,MAI,1461139.14
Centro-Oeste,MAI,752535.0
Norte,MAI,436186.0
Nordeste,MAI,1620518.0
Sul,MAI,1461139.14
Norte,MAI,487643.0
Nordeste,MAI,1662459.0
Sudeste,MAI,4856402.0
Sul,MAI,1426433.0
Centro-Oeste,MAI,704884.0
Norte,MAI,385486.0
Nordeste,MAI,1497587.0
Sul,MAI,1426433.0
Norte,MAI,479188.0
Nordeste,MAI,1616156.0
Sudeste,MAI,4594567.0
Sul,MAI,1349500.0
Centro-Oeste,MAI,669588.0
Norte,MAI,375258.0
Nordeste,MAI,1460283.0
Sul,MAI,1349500.0
Norte,MAI,406935.0
Nordeste,MAI,1389283.0
Sudeste,MAI,4466390.0
Sul,MAI,1299824.0
Centro-Oeste,MAI,625858.0
Norte,MAI,294058.0
Nordeste,MAI,1273650.0
Sul,MAI,1299824.0
Norte,MAI,399647.0
Nordeste,MAI,1316167.683
Sudeste,MAI,4386332.0
Sul,MAI,1255075.0
Centro-Oeste,MAI,576659.0
Norte,MAI,297115.683
Nordeste,MAI,1202895.0
Sul,MAI,1255075.0
Norte,MAI,371605.0
Nordeste,MAI,1218867.0
Sudeste,MAI,4104316.0
Sul,MAI,1243434.0
Centro-Oeste,MAI,553266.0
Norte,MAI,285340.0
Nordeste,MAI,1105296.0
Sul,MAI,1243434.0
Norte,MAI,345137.543
Nordeste,MAI,1153080.365
Sudeste,MAI,3811707.817
Sul,MAI,1096409.488
Centro-Oeste,MAI,527020.4
Norte,MAI,255503.73
Nordeste,MAI,1058620.485
Sul,MAI,1096409.488
Norte,MAI,338680.938
Nordeste,MAI,1118875.711
Sudeste,MAI,3655561.322
Sul,MAI,1099102.026
Centro-Oeste,MAI,505927.34
Norte,MAI,251897.147
Nordeste,MAI,1028520.963
Sul,MAI,1099102.026
Norte,MAI,332154.908
Nordeste,MAI,1033006.905
Sudeste,MAI,3537268.728
Sul,MAI,1082102.586
Centro-Oeste,MAI,492808.305
Norte,MAI,242233.223
Nordeste,MAI,945780.904
Sul,MAI,1082102.586
Norte,JUN,1239582.724
Nordeste,JUN,3045515.215
Sudeste,JUN,6286721.699
Sul,JUN,2467648.07
Centro-Oeste,JUN,1346406.539
Norte,JUN,1429050.725
Nordeste,JUN,2576374.562
Sul,JUN,2467648.07
Norte,JUN,1168428.225
Nordeste,JUN,2943376.624
Sudeste,JUN,6105804.501
Sul,JUN,2300448.504
Centro-Oeste,JUN,1271002.829
Norte,JUN,1275272.107
Nordeste,JUN,2504185.271
Sul,JUN,2300448.504
Norte,JUN,1117165.298
Nordeste,JUN,2997303.502
Sudeste,JUN,6347483.573
Sul,JUN,2277403.313
Centro-Oeste,JUN,1232245.066
Norte,JUN,1243957.66
Nordeste,JUN,2559790.363
Sul,JUN,2277403.313
Norte,JUN,1044362.822
Nordeste,JUN,2711657.763
Sudeste,JUN,5877639.765
Sul,JUN,2064325.183
Centro-Oeste,JUN,1129767.868
Norte,JUN,1125219.626
Nordeste,JUN,2329790.396
Sul,JUN,2064325.183
Norte,JUN,899714.12
Nordeste,JUN,2469483.951
Sudeste,JUN,5455023.893
Sul,JUN,1994035.256
Centro-Oeste,JUN,1059950.759
Norte,JUN,953667.455
Nordeste,JUN,2143356.036
Sul,JUN,1994035.256
Norte,JUN,902816.786
Nordeste,JUN,2567473.527
Sudeste,JUN,5506058.672
Sul,JUN,1873583.535
Centro-Oeste,JUN,1119338.302
Norte,JUN,930756.849
Nordeste,JUN,2269266.784
Sul,JUN,1873583.535
Norte,JUN,829361.52
Nordeste,JUN,2424709.539
Sudeste,JUN,5358170.468
Sul,JUN,1779342.659
Centro-Oeste,JUN,961847.811
Norte,JUN,879972.238
Nordeste,JUN,2128222.172
Sul,JUN,1779342.659
Norte,JUN,782406.013
Nordeste,JUN,2330185.489
Sudeste,JUN,5269701.214
Sul,JUN,1714445.213
Centro-Oeste,JUN,953578.376
Norte,JUN,818449.486
Nordeste,JUN,2063349.15
Sul,JUN,1714445.213
Norte,JUN,776976.311
Nordeste,JUN,2278070.84
Sudeste,JUN,5320617.621
Sul,JUN,1781848.39
Centro-Oeste,JUN,908682.266
Norte,JUN,815810.029
Nordeste,JUN,2011535.493
Sul,JUN,1781848.39
Norte,JUN,806273.0
Nordeste,JUN,2241692.0
Sudeste,JUN,5139605.0
Sul,JUN,1684856.0
Centro-Oeste,JUN,918285.0
Norte,JUN,826709.0
Nordeste,JUN,1980310.0
Sul,JUN,1684856.0
Norte,JUN,783331.0
Nordeste,JUN,2219377.0
Sudeste,JUN,5076992.0
Sul,JUN,1683387.0
Centro-Oeste,JUN,850866.0
Norte,JUN,819360.0
Nordeste,JUN,1956629.0
Sul,JUN,1683387.0
Norte,JUN,695205.0
Nordeste,JUN,2120820.0
Sudeste,JUN,4852845.0
Sul,JUN,1593710.0
Centro-Oeste,JUN,850268.0
Norte,JUN,706698.0
Nordeste,JUN,1882747.0
Sul,JUN,1593710.0
Norte,JUN,693230.0
Nordeste,JUN,2035296.0
Sudeste,JUN,5106123.0
Sul,JUN,1660066.0
Centro-Oeste,JUN,827154.0
Norte,JUN,659674.0
Nordeste,JUN,1808128.0
Sul,JUN,1660066.0
Norte,JUN,616782.0
Nordeste,JUN,1897430.0
Sudeste,JUN,5185998.0
Sul,JUN,1594070.0
Centro-Oeste,JUN,797911.0
Norte,JUN,471984.0
Nordeste,JUN,1687327.0
Sul,JUN,1594070.0
Norte,JUN,566437.0
Nordeste,JUN,1775115.0
Sudeste,JUN,5033564.0
Sul,JUN,1490069.498
Centro-Oeste,JUN,739704.0
Norte,JUN,429073.0
Nordeste,JUN,1580792.0
Sul,JUN,1490069.498
Norte,JUN,520799.0
Nordeste,JUN,1605866.0
Sudeste,JUN,4678006.0
Sul,JUN,1403302.0
Centro-Oeste,JUN,659843.0
Norte,JUN,409893.0
Nordeste,JUN,1435618.0
Sul,JUN,1403302.0
Norte,JUN,497484.0
Nordeste,JUN,1601998.0
Sudeste,JUN,4520711.0
Sul,JUN,1388083.0
Centro-Oeste,JUN,667520.0
Norte,JUN,394248.0
Nordeste,JUN,1442868.0
Sul,JUN,1388083.0
Norte,JUN,411397.0
Nordeste,JUN,1340016.0
Sudeste,JUN,4263405.0
Sul,JUN,1299676.0
Centro-Oeste,JUN,594716.0
Norte,JUN,315710.0
Nordeste,JUN,1213679.0
Sul,JUN,1299676.0
Norte,JUN,399430.0
Nordeste,JUN,1246959.414
Sudeste,JUN,4153532.0
Sul,JUN,1252972.0
Centro-Oeste,JUN,568337.0
Norte,JUN,307920.414
Nordeste,JUN,1129884.0
Sul,JUN,1252972.0
Norte,JUN,381288.0
Nordeste,JUN,1205705.0
Sudeste,JUN,3887323.0
Sul,JUN,1193009.0
Centro-Oeste,JUN,536836.0
Norte,JUN,290309.0
Nordeste,JUN,1095855.0
Sul,JUN,1193009.0
Norte,JUN,355133.201
Nordeste,JUN,1120204.015
Sudeste,JUN,3828065.945
Sul,JUN,1145519.916
Centro-Oeste,JUN,514691.702
Norte,JUN,267649.229
Nordeste,JUN,1022015.557
Sul,JUN,1145519.916
Norte,JUN,352715.731
Nordeste,JUN,1071456.805
Sudeste,JUN,3710837.299
Sul,JUN,1124218.86
Centro-Oeste,JUN,517429.156
Norte,JUN,258827.177
Nordeste,JUN,978041.991
Sul,JUN,1124218.86
Norte,JUN,332089.266
Nordeste,JUN,1002350.776
Sudeste,JUN,3433442.49
Sul,JUN,1056850.181
Centro-Oeste,JUN,466358.82
Norte,JUN,246515.812
Nordeste,JUN,915753.899
Sul,JUN,1056850.181
Norte,JUL,1303717.444
Nordeste,JUL,3087525.044
Sudeste,JUL,6430871.378
Sul,JUL,2692399.131
Centro-Oeste,JUL,1345927.803
Norte,JUL,1472073.79
Nordeste,JUL,2617644.84
Sul,JUL,2692399.131
Norte,JUL,1178722.697
Nordeste,JUL,2923038.934
Sudeste,JUL,6032945.264
Sul,JUL,2535884.907
Centro-Oeste,JUL,1221961.509
Norte,JUL,1304476.626
Nordeste,JUL,2469778.126
Sul,JUL,2535884.907
Norte,JUL,1143775.527
Nordeste,JUL,2797150.932
Sudeste,JUL,6046153.366
Sul,JUL,2248246.306
Centro-Oeste,JUL,1194277.056
Norte,JUL,1235099.33
Nordeste,JUL,2380118.723
Sul,JUL,2248246.306
Norte,JUL,1036734.952
Nordeste,JUL,2611503.06
Sudeste,JUL,5745100.792
Sul,JUL,2112131.1
Centro-Oeste,JUL,1071272.332
Norte,JUL,1138232.326
Nordeste,JUL,2221714.685
Sul,JUL,2112131.1
Norte,JUL,923014.193
Nordeste,JUL,2467219.256
Sudeste,JUL,5494089.332
Sul,JUL,1988102.892
Centro-Oeste,JUL,1058762.299
Norte,JUL,967709.946
Nordeste,JUL,2135519.129
Sul,JUL,1988102.892
Norte,JUL,864645.361
Nordeste,JUL,2479002.466
Sudeste,JUL,5358149.013
Sul,JUL,1964097.158
Centro-Oeste,JUL,1000703.008
Norte,JUL,919698.858
Nordeste,JUL,2169062.358
Sul,JUL,1964097.158
Norte,JUL,873226.178
Nordeste,JUL,2421274.774
Sudeste,JUL,5448885.106
Sul,JUL,1915802.036
Centro-Oeste,JUL,999892.954
Norte,JUL,912701.669
Nordeste,JUL,2119892.121
Sul,JUL,1915802.036
Norte,JUL,807440.688
Nordeste,JUL,2300502.009
Sudeste,JUL,5152317.926
Sul,JUL,1761217.467
Centro-Oeste,JUL,930807.772
Norte,JUL,829487.959
Nordeste,JUL,2028963.981
Sul,JUL,1761217.467
Norte,JUL,782045.601
Nordeste,JUL,2144669.24
Sudeste,JUL,5186863.065
Sul,JUL,1768601.602
Centro-Oeste,JUL,908422.543
Norte,JUL,808301.64
Nordeste,JUL,1882605.648
Sul,JUL,1768601.602
Norte,JUL,767490.0
Nordeste,JUL,2085165.0
Sudeste,JUL,5061387.0
Sul,JUL,1679450.0
Centro-Oeste,JUL,835237.0
Norte,JUL,793479.0
Nordeste,JUL,1826421.0
Sul,JUL,1679450.0
Norte,JUL,796979.0
Nordeste,JUL,2100992.0
Sudeste,JUL,4937481.0
Sul,JUL,1704822.0
Centro-Oeste,JUL,840346.0
Norte,JUL,825233.0
Nordeste,JUL,1848298.0
Sul,JUL,1704822.0
Norte,JUL,746477.0
Nordeste,JUL,2025226.0
Sudeste,JUL,4913722.0
Sul,JUL,1605688.0
Centro-Oeste,JUL,819639.0
Norte,JUL,755395.0
Nordeste,JUL,1790099.0
Sul,JUL,1605688.0
Norte,JUL,712711.0
Nordeste,JUL,2072771.0
Sudeste,JUL,5294663.0
Sul,JUL,1690827.0
Centro-Oeste,JUL,784886.0
Norte,JUL,685388.0
Nordeste,JUL,1839282.0
Sul,JUL,1690827.0
Norte,JUL,623393.0
Nordeste,JUL,1927736.0
Sudeste,JUL,5063741.0
Sul,JUL,1634801.0
Centro-Oeste,JUL,772664.0
Norte,JUL,587216.0
Nordeste,JUL,1714242.0
Sul,JUL,1634801.0
Norte,JUL,551450.0
Nordeste,JUL,1698329.0
Sudeste,JUL,4828556.0
Sul,JUL,1503946.07
Centro-Oeste,JUL,692016.0
Norte,JUL,412013.0
Nordeste,JUL,1516633.0
Sul,JUL,1503946.07
Norte,JUL,513870.0
Nordeste,JUL,1639149.0
Sudeste,JUL,4784552.0
Sul,JUL,1516995.0
Centro-Oeste,JUL,673879.0
Norte,JUL,401216.0
Nordeste,JUL,1469108.0
Sul,JUL,1516995.0
Norte,JUL,490071.0
Nordeste,JUL,1541855.0
Sudeste,JUL,4385968.0
Sul,JUL,1394531.0
Centro-Oeste,JUL,635114.0
Norte,JUL,377973.0
Nordeste,JUL,1388306.0
Sul,JUL,1394531.0
Norte,JUL,429684.0
Nordeste,JUL,1354078.0
Sudeste,JUL,4390194.0
Sul,JUL,1338723.0
Centro-Oeste,JUL,592316.0
Norte,JUL,325774.0
Nordeste,JUL,1228658.0
Sul,JUL,1338723.0
Norte,JUL,405359.0
Nordeste,JUL,1256700.215
Sudeste,JUL,4186405.0
Sul,JUL,1258858.0
Centro-Oeste,JUL,546183.0
Norte,JUL,312873.215
Nordeste,JUL,1136816.0
Sul,JUL,1258858.0
Norte,JUL,374013.0
Nordeste,JUL,1177362.0
Sudeste,JUL,3813598.0
Sul,JUL,1172657.0
Centro-Oeste,JUL,533647.0
Norte,JUL,282383.0
Nordeste,JUL,1066305.0
Sul,JUL,1172657.0
Norte,JUL,369331.689
Nordeste,JUL,1104726.017
Sudeste,JUL,3768572.15
Sul,JUL,1138292.497
Centro-Oeste,JUL,511993.015
Norte,JUL,264380.212
Nordeste,JUL,1009316.354
Sul,JUL,1138292.497
Norte,JUL,356661.362
Nordeste,JUL,1047171.765
Sudeste,JUL,3626333.301
Sul,JUL,1112987.582
Centro-Oeste,JUL,501666.466
Norte,JUL,255739.472
Nordeste,JUL,958274.369
Sul,JUL,1112987.582
Norte,JUL,328423.033
Nordeste,JUL,969181.398
Sudeste,JUL,3457622.858
Sul,JUL,1066704.812
Centro-Oeste,JUL,470538.941
Norte,JUL,236277.147
Nordeste,JUL,885059.632
Sul,JUL,1066704.812
Norte,AGO,
Nordeste,AGO,
Sudeste,AGO,
Sul,AGO,
Centro-Oeste,AGO,
Norte,AGO,
Nordeste,AGO,
Sul,AGO,
Norte,AGO,1203397.025
Nordeste,AGO,2937810.128
Sudeste,AGO,6203174.259
Sul,AGO,2370407.813
Centro-Oeste,AGO,1268674.468
Norte,AGO,1307756.459
Nordeste,AGO,2488291.839
Sul,AGO,2370407.813
Norte,AGO,1200943.368
Nordeste,AGO,2839556.23
Sudeste,AGO,6126731.285
Sul,AGO,2350680.486
Centro-Oeste,AGO,1229234.373
Norte,AGO,1285594.732
Nordeste,AGO,2417132.08
Sul,AGO,2350680.486
Norte,AGO,1123220.059
Nordeste,AGO,2703656.822
Sudeste,AGO,5917975.023
Sul,AGO,2062813.254
Centro-Oeste,AGO,1179501.617
Norte,AGO,1196088.903
Nordeste,AGO,2301098.054
Sul,AGO,2062813.254
Norte,AGO,995811.72
Nordeste,AGO,2492008.621
Sudeste,AGO,5509423.37
Sul,AGO,1948832.039
Centro-Oeste,AGO,1093208.195
Norte,AGO,1057864.755
Nordeste,AGO,2123904.814
Sul,AGO,1948832.039
Norte,AGO,921608.753
Nordeste,AGO,2462666.739
Sudeste,AGO,5419570.536
Sul,AGO,1982015.161
Centro-Oeste,AGO,1010658.344
Norte,AGO,961048.459
Nordeste,AGO,2145769.533
Sul,AGO,1982015.161
Norte,AGO,896083.783
Nordeste,AGO,2354042.653
Sudeste,AGO,5622801.957
Sul,AGO,1879434.387
Centro-Oeste,AGO,1050728.421
Norte,AGO,917466.712
Nordeste,AGO,2053441.019
Sul,AGO,1879434.387
Norte,AGO,817871.043
Nordeste,AGO,2206131.088
Sudeste,AGO,5201820.187
Sul,AGO,1797404.676
Centro-Oeste,AGO,963776.787
Norte,AGO,852971.048
Nordeste,AGO,1929287.684
Sul,AGO,1797404.676
Norte,AGO,797188.484
Nordeste,AGO,2215549.837
Sudeste,AGO,5116358.125
Sul,AGO,1748057.713
Centro-Oeste,AGO,931628.308
Norte,AGO,819248.476
Nordeste,AGO,1943341.484
Sul,AGO,1748057.713
Norte,AGO,847732.0
Nordeste,AGO,2110113.0
Sudeste,AGO,4974452.0
Sul,AGO,1666071.0
Centro-Oeste,AGO,876881.0
Norte,AGO,859644.0
Nordeste,AGO,1840330.0
Sul,AGO,1666071.0
Norte,AGO,822097.0
Nordeste,AGO,2114946.0
Sudeste,AGO,4997655.0
Sul,AGO,1638519.0
Centro-Oeste,AGO,854555.0
Norte,AGO,831497.0
Nordeste,AGO,1858240.0
Sul,AGO,1638519.0
Norte,AGO,763948.0
Nordeste,AGO,2000513.0
Sudeste,AGO,5080894.0
Sul,AGO,1621249.0
Centro-Oeste,AGO,846311.0
Norte,AGO,769285.0
Nordeste,AGO,1756771.0
Sul,AGO,1621249.0
Norte,AGO,735422.0
Nordeste,AGO,2027166.0
Sudeste,AGO,5191948.0
Sul,AGO,1722603.0
Centro-Oeste,AGO,864433.0
Norte,AGO,706222.0
Nordeste,AGO,1787383.0
Sul,AGO,1722603.0
Norte,AGO,629182.0
Nordeste,AGO,1918626.0
Sudeste,AGO,5200951.0
Sul,AGO,1715613.0
Centro-Oeste,AGO,816125.0
Norte,AGO,598170.0
Nordeste,AGO,1701550.0
Sul,AGO,1715613.0
Norte,AGO,592424.0
Nordeste,AGO,1740365.0
Sudeste,AGO,4979107.0
Sul,AGO,1557201.852
Centro-Oeste,AGO,752539.0
Norte,AGO,438745.0
Nordeste,AGO,1551458.0
Sul,AGO,1557201.852
Norte,AGO,541456.0
Nordeste,AGO,1636046.0
Sudeste,AGO,4840012.0
Sul,AGO,1494340.0
Centro-Oeste,AGO,689462.0
Norte,AGO,413064.0
Nordeste,AGO,1460680.0
Sul,AGO,1494340.0
Norte,AGO,492103.0
Nordeste,AGO,1512802.0
Sudeste,AGO,4674267.0
Sul,AGO,1455445.0
Centro-Oeste,AGO,677680.0
Norte,AGO,390305.0
Nordeste,AGO,1348244.0
Sul,AGO,1455445.0
Norte,AGO,453741.0
Nordeste,AGO,1426344.0
Sudeste,AGO,4521489.0
Sul,AGO,1381261.0
Centro-Oeste,AGO,620129.0
Norte,AGO,360418.0
Nordeste,AGO,1271922.0
Sul,AGO,1381261.0
Norte,AGO,434435.0
Nordeste,AGO,1266490.602
Sudeste,AGO,4292183.0
Sul,AGO,1296088.0
Centro-Oeste,AGO,591435.0
Norte,AGO,331695.602
Nordeste,AGO,1135402.0
Sul,AGO,1296088.0
Norte,AGO,392888.0
Nordeste,AGO,1185584.0
Sudeste,AGO,3979163.0
Sul,AGO,1249110.0
Centro-Oeste,AGO,537771.0
Norte,AGO,299359.0
Nordeste,AGO,1068375.0
Sul,AGO,1249110.0
Norte,AGO,372153.511
Nordeste,AGO,1108109.98
Sudeste,AGO,3774739.366
Sul,AGO,1150879.668
Centro-Oeste,AGO,534089.022
Norte,AGO,272534.921
Nordeste,AGO,1008141.792
Sul,AGO,1150879.668
Norte,AGO,360832.685
Nordeste,AGO,1071288.665
Sudeste,AGO,3635143.389
Sul,AGO,1129753.986
Centro-Oeste,AGO,507765.408
Norte,AGO,271411.26
Nordeste,AGO,972561.871
Sul,AGO,1129753.986
Norte,AGO,338836.339
Nordeste,AGO,962934.303
Sudeste,AGO,3453322.407
Sul,AGO,1070192.34
Centro-Oeste,AGO,479191.68
Norte,AGO,250972.791
Nordeste,AGO,875228.766
Sul,AGO,1070192.34
Norte,SET,
Nordeste,SET,
Sudeste,SET,
Sul,SET,
Centro-Oeste,SET,
Norte,SET,
Nordeste,SET,
Sul,SET,
Norte,SET,1277156.324
Nordeste,SET,2960837.695
Sudeste,SET,6347082.541
Sul,SET,2364025.76
Centro-Oeste,SET,1435110.602
Norte,SET,1376981.121
Nordeste,SET,2484436.698
Sul,SET,2364025.76
Norte,SET,1274834.363
Nordeste,SET,2954096.439
Sudeste,SET,6385311.171
Sul,SET,2230187.609
Centro-Oeste,SET,1377487.988
Norte,SET,1354716.566
Nordeste,SET,2504974.323
Sul,SET,2230187.609
Norte,SET,1186718.636
Nordeste,SET,2874947.433
Sudeste,SET,6210033.935
Sul,SET,2092122.742
Centro-Oeste,SET,1318677.566
Norte,SET,1243411.999
Nordeste,SET,2460984.067
Sul,SET,2092122.742
Norte,SET,1032570.489
Nordeste,SET,2614393.512
Sudeste,SET,5661051.252
Sul,SET,1980822.446
Centro-Oeste,SET,1182929.106
Norte,SET,1097058.428
Nordeste,SET,2238969.389
Sul,SET,1980822.446
Norte,SET,988245.616
Nordeste,SET,2560694.187
Sudeste,SET,5923669.858
Sul,SET,1836741.918
Centro-Oeste,SET,1250428.007
Norte,SET,1015318.634
Nordeste,SET,2223310.732
Sul,SET,1836741.918
Norte,SET,941909.878
Nordeste,SET,2458563.622
Sudeste,SET,5717406.928
Sul,SET,1928535.794
Centro-Oeste,SET,1154591.68
Norte,SET,950292.289
Nordeste,SET,2144376.79
Sul,SET,1928535.794
Norte,SET,855773.215
Nordeste,SET,2263214.837
Sudeste,SET,5376428.203
Sul,SET,1770890.663
Centro-Oeste,SET,1112871.978
Norte,SET,876154.784
Nordeste,SET,1975808.23
Sul,SET,1770890.663
Norte,SET,804932.492
Nordeste,SET,2230595.991
Sudeste,SET,5360841.201
Sul,SET,1751268.021
Centro-Oeste,SET,981923.442
Norte,SET,834963.421
Nordeste,SET,1951846.279
Sul,SET,1751268.021
Norte,SET,865723.0
Nordeste,SET,2177898.0
Sudeste,SET,5307233.0
Sul,SET,1718434.0
Centro-Oeste,SET,1027419.0
Norte,SET,881074.0
Nordeste,SET,1890289.0
Sul,SET,1718434.0
Norte,SET,830479.0
Nordeste,SET,2194120.0
Sudeste,SET,5299383.0
Sul,SET,1626257.0
Centro-Oeste,SET,939832.0
Norte,SET,861526.0
Nordeste,SET,1917578.0
Sul,SET,1626257.0
Norte,SET,820516.0
Nordeste,SET,2086557.0
Sudeste,SET,5030736.0
Sul,SET,1557532.0
Centro-Oeste,SET,941162.0
Norte,SET,817680.0
Nordeste,SET,1831633.0
Sul,SET,1557532.0
Norte,SET,755837.0
Nordeste,SET,2060440.0
Sudeste,SET,5194803.0
Sul,SET,1650393.0
Centro-Oeste,SET,914142.0
Norte,SET,703911.0
Nordeste,SET,1815551.0
Sul,SET,1650393.0
Norte,SET,640168.0
Nordeste,SET,1956622.0
Sudeste,SET,5196437.0
Sul,SET,1644068.0
Centro-Oeste,SET,813870.0
Norte,SET,613406.0
Nordeste,SET,1727468.0
Sul,SET,1644068.0
Norte,SET,604096.0
Nordeste,SET,1723840.0
Sudeste,SET,5108683.0
Sul,SET,1510699.22
Centro-Oeste,SET,801211.0
Norte,SET,443658.0
Nordeste,SET,1530266.0
Sul,SET,1510699.22
Norte,SET,567602.0
Nordeste,SET,1668339.0
Sudeste,SET,5036380.0
Sul,SET,1494136.0
Centro-Oeste,SET,757502.0
Norte,SET,429839.0
Nordeste,SET,1486495.0
Sul,SET,1494136.0
Norte,SET,529944.0
Nordeste,SET,1550927.0
Sudeste,SET,4715169.0
Sul,SET,1402641.0
Centro-Oeste,SET,705315.0
Norte,SET,404830.0
Nordeste,SET,1382837.0
Sul,SET,1402641.0
Norte,SET,475717.0
Nordeste,SET,1438256.0
Sudeste,SET,4516470.0
Sul,SET,1336852.0
Centro-Oeste,SET,649506.0
Norte,SET,372711.0
Nordeste,SET,1278632.0
Sul,SET,1336852.0
Norte,SET,455038.0
Nordeste,SET,1275642.904
Sudeste,SET,4208021.0
Sul,SET,1258612.0
Centro-Oeste,SET,618394.0
Norte,SET,346658.904
Nordeste,SET,1140723.0
Sul,SET,1258612.0
Norte,SET,408304.0
Nordeste,SET,1164758.0
Sudeste,SET,4058552.0
Sul,SET,1238276.0
Centro-Oeste,SET,579422.0
Norte,SET,305545.0
Nordeste,SET,1048518.0
Sul,SET,1238276.0
Norte,SET,397911.72
Nordeste,SET,1137729.328
Sudeste,SET,3888549.472
Sul,SET,1140225.445
Centro-Oeste,SET,563954.616
Norte,SET,287268.722
Nordeste,SET,1032258.904
Sul,SET,1140225.445
Norte,SET,381555.002
Nordeste,SET,1077986.291
Sudeste,SET,3819948.141
Sul,SET,1130082.242
Centro-Oeste,SET,539782.874
Norte,SET,272568.984
Nordeste,SET,982091.466
Sul,SET,1130082.242
Norte,SET,351459.264
Nordeste,SET,1041242.431
Sudeste,SET,3596160.188
Sul,SET,1100557.261
Centro-Oeste,SET,514970.889
Norte,SET,253396.969
Nordeste,SET,949753.153
Sul,SET,1100557.261
Norte,OUT,
Nordeste,OUT,
Sudeste,OUT,
Sul,OUT,
Centro-Oeste,OUT,
Norte,OUT,
Nordeste,OUT,
Sul,OUT,
Norte,OUT,1297837.91
Nordeste,OUT,3043849.015
Sudeste,OUT,6675933.093
Sul,OUT,2373374.793
Centro-Oeste,OUT,1604542.685
Norte,OUT,1487462.721
Nordeste,OUT,2550956.377
Sul,OUT,2373374.793
Norte,OUT,1320868.82
Nordeste,OUT,2966216.978
Sudeste,OUT,6926757.85
Sul,OUT,2294412.245
Centro-Oeste,OUT,1581632.981
Norte,OUT,1381718.504
Nordeste,OUT,2507872.581
Sul,OUT,2294412.245
Norte,OUT,1222327.898
Nordeste,OUT,2899669.646
Sudeste,OUT,6637462.643
Sul,OUT,2210632.092
Centro-Oeste,OUT,1479545.965
Norte,OUT,1303609.766
Nordeste,OUT,2464156.716
Sul,OUT,2210632.092
Norte,OUT,1044150.158
Nordeste,OUT,2653200.458
Sudeste,OUT,5726086.346
Sul,OUT,1936081.736
Centro-Oeste,OUT,1216585.738
Norte,OUT,1092344.612
Nordeste,OUT,2279963.822
Sul,OUT,1936081.736
Norte,OUT,975713.466
Nordeste,OUT,2679148.655
Sudeste,OUT,5705674.423
Sul,OUT,1878102.825
Centro-Oeste,OUT,1260245.502
Norte,OUT,1003266.934
Nordeste,OUT,2338017.039
Sul,OUT,1878102.825
Norte,OUT,961023.519
Nordeste,OUT,2628028.781
Sudeste,OUT,6200516.52
Sul,OUT,1953028.271
Centro-Oeste,OUT,1306605.608
Norte,OUT,975007.468
Nordeste,OUT,2297975.983
Sul,OUT,1953028.271
Norte,OUT,826928.2
Nordeste,OUT,2467785.939
Sudeste,OUT,5668331.047
Sul,OUT,1849757.077
Centro-Oeste,OUT,1160311.546
Norte,OUT,847355.353
Nordeste,OUT,2175540.271
Sul,OUT,1849757.077
Norte,OUT,861574.326
Nordeste,OUT,2378989.579
Sudeste,OUT,5482086.054
Sul,OUT,1729765.913
Centro-Oeste,OUT,1074488.517
Norte,OUT,867777.748
Nordeste,OUT,2089938.51
Sul,OUT,1729765.913
Norte,OUT,867252.0
Nordeste,OUT,2278110.0
Sudeste,OUT,5361592.0
Sul,OUT,1678750.0
Centro-Oeste,OUT,988992.0
Norte,OUT,901232.0
Nordeste,OUT,1975989.0
Sul,OUT,1678750.0
Norte,OUT,828560.0
Nordeste,OUT,2219979.0
Sudeste,OUT,5282756.0
Sul,OUT,1596120.0
Centro-Oeste,OUT,928149.0
Norte,OUT,850263.0
Nordeste,OUT,1948573.0
Sul,OUT,1596120.0
Norte,OUT,884653.0
Nordeste,OUT,2162718.0
Sudeste,OUT,5465728.0
Sul,OUT,1611874.0
Centro-Oeste,OUT,1008380.0
Norte,OUT,873116.0
Nordeste,OUT,1899509.0
Sul,OUT,1611874.0
Norte,OUT,756891.0
Nordeste,OUT,2154008.0
Sudeste,OUT,5560649.0
Sul,OUT,1662746.0
Centro-Oeste,OUT,1006315.0
Norte,OUT,708858.0
Nordeste,OUT,1900236.0
Sul,OUT,1662746.0
Norte,OUT,687065.0
Nordeste,OUT,2054166.0
Sudeste,OUT,5313978.0
Sul,OUT,1620013.0
Centro-Oeste,OUT,870074.0
Norte,OUT,650200.0
Nordeste,OUT,1820329.0
Sul,OUT,1620013.0
Norte,OUT,608315.0
Nordeste,OUT,1797350.0
Sudeste,OUT,5068966.0
Sul,OUT,1489158.066
Centro-Oeste,OUT,824192.0
Norte,OUT,454832.0
Nordeste,OUT,1596405.0
Sul,OUT,1489158.066
Norte,OUT,567178.0
Nordeste,OUT,1704764.0
Sudeste,OUT,4905359.0
Sul,OUT,1420907.0
Centro-Oeste,OUT,766759.0
Norte,OUT,426229.0
Nordeste,OUT,1520742.0
Sul,OUT,1420907.0
Norte,OUT,541500.0
Nordeste,OUT,1608710.0
Sudeste,OUT,4722642.0
Sul,OUT,1357167.0
Centro-Oeste,OUT,721029.0
Norte,OUT,409894.0
Nordeste,OUT,1437672.0
Sul,OUT,1357167.0
Norte,OUT,472878.0
Nordeste,OUT,1488745.0
Sudeste,OUT,4587326.0
Sul,OUT,1317935.0
Centro-Oeste,OUT,658857.0
Norte,OUT,369477.0
Nordeste,OUT,1330298.0
Sul,OUT,1317935.0
Norte,OUT,453242.0
Nordeste,OUT,1358839.796
Sudeste,OUT,4413750.0
Sul,OUT,1268536.0
Centro-Oeste,OUT,625417.0
Norte,OUT,350597.796
Nordeste,OUT,1222811.0
Sul,OUT,1268536.0
Norte,OUT,409738.0
Nordeste,OUT,1226991.0
Sudeste,OUT,4053969.0
Sul,OUT,1216932.0
Centro-Oeste,OUT,604146.0
Norte,OUT,307358.0
Nordeste,OUT,1108661.0
Sul,OUT,1216932.0
Norte,OUT,397548.627
Nordeste,OUT,1189699.506
Sudeste,OUT,3901043.1
Sul,OUT,1130931.647
Centro-Oeste,OUT,563013.091
Norte,OUT,292519.945
Nordeste,OUT,1080162.371
Sul,OUT,1130931.647
Norte,OUT,372756.533
Nordeste,OUT,1112111.152
Sudeste,OUT,3773673.07
Sul,OUT,1112763.339
Centro-Oeste,OUT,546683.429
Norte,OUT,270925.419
Nordeste,OUT,1015012.105
Sul,OUT,1112763.339
Norte,OUT,353206.626
Nordeste,OUT,1046248.885
Sudeste,OUT,3608129.944
Sul,OUT,1069478.321
Centro-Oeste,OUT,529450.084
Norte,OUT,251008.939
Nordeste,OUT,956482.729
Sul,OUT,1069478.321
Norte,NOV,
Nordeste,NOV,
Sudeste,NOV,
Sul,NOV,
Centro-Oeste,NOV,
Norte,NOV,
Nordeste,NOV,
Sul,NOV,
Norte,NOV,1310194.472
Nordeste,NOV,3219236.139
Sudeste,NOV,6531212.691
Sul,NOV,2349347.609
Centro-Oeste,NOV,1572786.272
Norte,NOV,1499186.314
Nordeste,NOV,2727011.075
Sul,NOV,2349347.609
Norte,NOV,1258922.388
Nordeste,NOV,3178639.534
Sudeste,NOV,6530851.092
Sul,NOV,2407486.877
Centro-Oeste,NOV,1443058.907
Norte,NOV,1362743.067
Nordeste,NOV,2709145.194
Sul,NOV,2407486.877
Norte,NOV,1235788.78
Nordeste,NOV,3119037.342
Sudeste,NOV,6907124.696
Sul,NOV,2176246.242
Centro-Oeste,NOV,1529414.813
Norte,NOV,1307792.973
Nordeste,NOV,2684076.777
Sul,NOV,2176246.242
Norte,NOV,982073.084
Nordeste,NOV,2807405.666
Sudeste,NOV,5923574.919
Sul,NOV,2004807.314
Centro-Oeste,NOV,1203483.795
Norte,NOV,1055616.626
Nordeste,NOV,2428472.616
Sul,NOV,2004807.314
Norte,NOV,958133.888
Nordeste,NOV,2668151.411
Sudeste,NOV,5627634.235
Sul,NOV,1945066.323
Centro-Oeste,NOV,1146710.325
Norte,NOV,997432.41
Nordeste,NOV,2333338.745
Sul,NOV,1945066.323
Norte,NOV,926030.969
Nordeste,NOV,2680088.189
Sudeste,NOV,5960545.191
Sul,NOV,1950981.247
Centro-Oeste,NOV,1221557.938
Norte,NOV,952015.462
Nordeste,NOV,2355467.666
Sul,NOV,1950981.247
Norte,NOV,837489.071
Nordeste,NOV,2565288.629
Sudeste,NOV,5967915.669
Sul,NOV,1913587.297
Centro-Oeste,NOV,1139397.24
Norte,NOV,875718.378
Nordeste,NOV,2268508.536
Sul,NOV,1913587.297
Norte,NOV,841536.605
Nordeste,NOV,2518675.438
Sudeste,NOV,5585816.774
Sul,NOV,1771098.478
Centro-Oeste,NOV,1041678.611
Norte,NOV,860929.628
Nordeste,NOV,2224734.22
Sul,NOV,1771098.478
Norte,NOV,851687.0
Nordeste,NOV,2357774.0
Sudeste,NOV,5537482.0
Sul,NOV,1693977.0
Centro-Oeste,NOV,1021212.0
Norte,NOV,881637.0
Nordeste,NOV,2060154.0
Sul,NOV,1693977.0
Norte,NOV,834314.0
Nordeste,NOV,2310009.0
Sudeste,NOV,5407188.0
Sul,NOV,1627834.0
Centro-Oeste,NOV,954610.0
Norte,NOV,861741.0
Nordeste,NOV,2032127.0
Sul,NOV,1627834.0
Norte,NOV,872136.0
Nordeste,NOV,2193135.0
Sudeste,NOV,5457842.0
Sul,NOV,1612892.0
Centro-Oeste,NOV,995736.0
Norte,NOV,877772.0
Nordeste,NOV,1929917.0
Sul,NOV,1612892.0
Norte,NOV,745283.0
Nordeste,NOV,2172997.0
Sudeste,NOV,5714131.0
Sul,NOV,1780429.0
Centro-Oeste,NOV,969551.0
Norte,NOV,713019.0
Nordeste,NOV,1919115.0
Sul,NOV,1780429.0
Norte,NOV,675367.0
Nordeste,NOV,2072616.0
Sudeste,NOV,5420982.0
Sul,NOV,1628086.0
Centro-Oeste,NOV,913837.0
Norte,NOV,634168.0
Nordeste,NOV,1838252.0
Sul,NOV,1628086.0
Norte,NOV,628098.0
Nordeste,NOV,1822908.0
Sudeste,NOV,5369591.0
Sul,NOV,1566444.165
Centro-Oeste,NOV,852344.0
Norte,NOV,457322.0
Nordeste,NOV,1622262.0
Sul,NOV,1566444.165
Norte,NOV,548988.0
Nordeste,NOV,1723018.0
Sudeste,NOV,4885526.0
Sul,NOV,1404883.0
Centro-Oeste,NOV,740908.0
Norte,NOV,415747.0
Nordeste,NOV,1541318.0
Sul,NOV,1404883.0
Norte,NOV,525898.0
Nordeste,NOV,1696902.0
Sudeste,NOV,4672324.0
Sul,NOV,1360716.0
Centro-Oeste,NOV,706899.0
Norte,NOV,409747.0
Nordeste,NOV,1520297.0
Sul,NOV,1360716.0
Norte,NOV,484073.0
Nordeste,NOV,1520234.0
Sudeste,NOV,4586570.0
Sul,NOV,1379266.0
Centro-Oeste,NOV,665609.0
Norte,NOV,368822.0
Nordeste,NOV,1364321.0
Sul,NOV,1379266.0
Norte,NOV,452781.0
Nordeste,NOV,1361440.125
Sudeste,NOV,4456627.0
Sul,NOV,1306813.0
Centro-Oeste,NOV,660058.0
Norte,NOV,347230.125
Nordeste,NOV,1219949.0
Sul,NOV,1306813.0
Norte,NOV,422501.0
Nordeste,NOV,1286044.0
Sudeste,NOV,4229638.0
Sul,NOV,1238824.0
Centro-Oeste,NOV,591274.0
Norte,NOV,319137.0
Nordeste,NOV,1161282.0
Sul,NOV,1238824.0
Norte,NOV,402093.178
Nordeste,NOV,1252975.52
Sudeste,NOV,3997650.473
Sul,NOV,1203159.625
Centro-Oeste,NOV,582829.583
Norte,NOV,293675.908
Nordeste,NOV,1142476.231
Sul,NOV,1203159.625
Norte,NOV,384562.146
Nordeste,NOV,1149668.292
Sudeste,NOV,3774517.683
Sul,NOV,1116744.918
Centro-Oeste,NOV,550947.866
Norte,NOV,276392.954
Nordeste,NOV,1048068.8
Sul,NOV,1116744.918
Norte,NOV,362279.333
Nordeste,NOV,1083211.607
Sudeste,NOV,3608514.949
Sul,NOV,1071489.898
Centro-Oeste,NOV,505694.376
Norte,NOV,256041.313
Nordeste,NOV,993362.873
Sul,NOV,1071489.898
Norte,DEZ,
Nordeste,DEZ,
Sudeste,DEZ,
Sul,DEZ,
Centro-Oeste,DEZ,
Norte,DEZ,
Nordeste,DEZ,
Sul,DEZ,
Norte,DEZ,1253210.862
Nordeste,DEZ,3340706.635
Sudeste,DEZ,7130857.197
Sul,DEZ,2638936.722
Centro-Oeste,DEZ,1553556.119
Norte,DEZ,1447382.987
Nordeste,DEZ,2857032.406
Sul,DEZ,2638936.722
Norte,DEZ,1222896.948
Nordeste,DEZ,3244677.055
Sudeste,DEZ,6920590.526
Sul,DEZ,2447355.764
Centro-Oeste,DEZ,1470024.505
Norte,DEZ,1332256.723
Nordeste,DEZ,2783381.986
Sul,DEZ,2447355.764
Norte,DEZ,1171554.337
Nordeste,DEZ,3097884.408
Sudeste,DEZ,7203887.065
Sul,DEZ,2446621.697
Centro-Oeste,DEZ,1522553.601
Norte,DEZ,1261390.127
Nordeste,DEZ,2663060.552
Sul,DEZ,2446621.697
Norte,DEZ,989691.892
Nordeste,DEZ,2839077.578
Sudeste,DEZ,6288661.876
Sul,DEZ,2282810.546
Centro-Oeste,DEZ,1260870.871
Norte,DEZ,1056306.292
Nordeste,DEZ,2458424.237
Sul,DEZ,2282810.546
Norte,DEZ,946316.249
Nordeste,DEZ,2831640.763
Sudeste,DEZ,6005925.863
Sul,DEZ,2082090.524
Centro-Oeste,DEZ,1214616.014
Norte,DEZ,999525.916
Nordeste,DEZ,2492389.474
Sul,DEZ,2082090.524
Norte,DEZ,856867.56
Nordeste,DEZ,2741443.761
Sudeste,DEZ,6341789.855
Sul,DEZ,2116828.26
Centro-Oeste,DEZ,1219580.34
Norte,DEZ,870270.91
Nordeste,DEZ,2419179.496
Sul,DEZ,2116828.26
Norte,DEZ,837765.338
Nordeste,DEZ,2674692.647
Sudeste,DEZ,5682863.949
Sul,DEZ,1918579.32
Centro-Oeste,DEZ,1086804.548
Norte,DEZ,887078.793
Nordeste,DEZ,2368804.422
Sul,DEZ,1918579.32
Norte,DEZ,738718.107
Nordeste,DEZ,2430903.108
Sudeste,DEZ,5687378.466
Sul,DEZ,1835186.824
Centro-Oeste,DEZ,1026434.002
Norte,DEZ,767727.099
Nordeste,DEZ,2164393.561
Sul,DEZ,1835186.824
Norte,DEZ,823516.0
Nordeste,DEZ,2378954.0
Sudeste,DEZ,5544800.0
Sul,DEZ,1755588.0
Centro-Oeste,DEZ,938621.0
Norte,DEZ,855879.0
Nordeste,DEZ,2092392.0
Sul,DEZ,1755588.0
Norte,DEZ,826045.0
Nordeste,DEZ,2385414.0
Sudeste,DEZ,5543528.0
Sul,DEZ,1690320.0
Centro-Oeste,DEZ,911754.0
Norte,DEZ,852124.0
Nordeste,DEZ,2112443.0
Sul,DEZ,1690320.0
Norte,DEZ,851295.0
Nordeste,DEZ,2317043.0
Sudeste,DEZ,5383171.0
Sul,DEZ,1603341.0
Centro-Oeste,DEZ,928685.0
Norte,DEZ,855440.0
Nordeste,DEZ,2057220.0
Sul,DEZ,1603341.0
Norte,DEZ,761455.0
Nordeste,DEZ,2190944.0
Sudeste,DEZ,5508771.0
Sul,DEZ,1801652.0
Centro-Oeste,DEZ,897948.0
Norte,DEZ,710826.0
Nordeste,DEZ,1954691.0
Sul,DEZ,1801652.0
Norte,DEZ,683978.0
Nordeste,DEZ,2075421.0
Sudeste,DEZ,5407419.0
Sul,DEZ,1653801.0
Centro-Oeste,DEZ,885062.0
Norte,DEZ,643737.0
Nordeste,DEZ,1852648.0
Sul,DEZ,1653801.0
Norte,DEZ,597632.0
Nordeste,DEZ,1874692.0
Sudeste,DEZ,5223040.0
Sul,DEZ,1628533.302
Centro-Oeste,DEZ,809315.0
Norte,DEZ,444823.0
Nordeste,DEZ,1672499.0
Sul,DEZ,1628533.302
Norte,DEZ,548931.0
Nordeste,DEZ,1778139.0
Sudeste,DEZ,4957747.0
Sul,DEZ,1453631.0
Centro-Oeste,DEZ,744657.0
Norte,DEZ,429773.0
Nordeste,DEZ,1593129.0
Sul,DEZ,1453631.0
Norte,DEZ,509429.0
Nordeste,DEZ,1725786.0
Sudeste,DEZ,4941867.0
Sul,DEZ,1415916.0
Centro-Oeste,DEZ,708846.0
Norte,DEZ,388412.0
Nordeste,DEZ,1565779.0
Sul,DEZ,1415916.0
Norte,DEZ,478521.0
Nordeste,DEZ,1577336.0
Sudeste,DEZ,4768804.0
Sul,DEZ,1396936.0
Centro-Oeste,DEZ,655034.0
Norte,DEZ,356012.0
Nordeste,DEZ,1435690.0
Sul,DEZ,1396936.0
Norte,DEZ,431406.0
Nordeste,DEZ,1398059.348
Sudeste,DEZ,4222422.0
Sul,DEZ,1280988.0
Centro-Oeste,DEZ,609814.0
Norte,DEZ,320780.348
Nordeste,DEZ,1276535.0
Sul,DEZ,1280988.0
Norte,DEZ,405279.0
Nordeste,DEZ,1305312.0
Sudeste,DEZ,4116989.0
Sul,DEZ,1218277.0
Centro-Oeste,DEZ,572267.0
Norte,DEZ,307545.0
Nordeste,DEZ,1184368.0
Sul,DEZ,1218277.0
Norte,DEZ,380070.542
Nordeste,DEZ,1218118.196
Sudeste,DEZ,4016722.812
Sul,DEZ,1195034.172
Centro-Oeste,DEZ,556938.876
Norte,DEZ,281104.345
Nordeste,DEZ,1110571.837
Sul,DEZ,1195034.172
Norte,DEZ,360952.915
Nordeste,DEZ,1161649.073
Sudeste,DEZ,3869508.324
Sul,DEZ,1156844.191
Centro-Oeste,DEZ,528775.047
Norte,DEZ,269260.91
Nordeste,DEZ,1061179.679
Sul,DEZ,1156844.191
Norte,DEZ,355893.671
Nordeste,DEZ,1104220.188
Sudeste,DEZ,3569437.883
Sul,DEZ,1100567.11
Centro-Oeste,DEZ,513252.343
Norte,DEZ,253338.172
Nordeste,DEZ,1015897.661
Sul,DEZ,1100567.11
